{
  "language": "Solidity",
  "sources": {
    "contracts/DLToken.sol": {
      "content": "// SPDX-License-Identifier: Apache-2.0\r\npragma solidity ^0.8.20;\r\n\r\ncontract DLToken {\r\n    // =========================================================================\r\n// 【1】代币数据核心：状态变量\r\n// =========================================================================\r\n\r\n// _balances: 存储每个地址拥有的代币数量 (地址 => 余额)\r\nmapping(address => uint256) private _balances;\r\n\r\n// _allowances: 存储授权额度 (所有者 => 授权使用方 => 额度)\r\nmapping(address => mapping(address => uint256)) private _allowances;\r\n\r\n// _totalSupply: 代币总发行量\r\nuint256 private _totalSupply;\r\n\r\n// 代币元数据\r\nstring private _name = \"DLToken\";\r\nstring private _symbol = \"DLT\";\r\nuint8 private constant _decimals = 18; // 代币精度，默认 18 位\r\n\r\n// =========================================================================\r\n// 【2】ERC20 标准事件\r\n// =========================================================================\r\n\r\n// Transfer 事件：在代币发行、销毁或转移时必须触发\r\nevent Transfer(address indexed _from, address indexed _to, uint256 _value);\r\n\r\n// Approval 事件：在授权操作时必须触发\r\nevent Approval(address indexed _owner, address indexed _spender, uint256 _value);\r\n\r\n// =========================================================================\r\n// 【3】合约主体：DLToken\r\n// =========================================================================\r\n    constructor() {}\r\n\r\n    // name(): 返回代币的名称\r\n    function name() public view returns (string memory) {\r\n        return _name;\r\n    }\r\n\r\n    // symbol(): 返回代币的缩写符号\r\n    function symbol() public view returns (string memory) {\r\n        return _symbol;\r\n    }\r\n\r\n    // decimals(): 返回代币精度位数\r\n    function decimals() public pure returns (uint8) {\r\n        return _decimals;\r\n    }\r\n\r\n    // totalSupply(): 返回代币总发行数量\r\n    function totalSupply() public view returns (uint256) {\r\n        return _totalSupply;\r\n    }\r\n\r\n    // balanceOf(address _owner): 查询某个地址下的代币数量\r\n    function balanceOf(address _owner) public view returns (uint256 balance) {\r\n        return _balances[_owner];\r\n    }\r\n\r\n    // allowance(address _owner, address _spender): 查询授权额度\r\n    function allowance(address _owner, address _spender) public view returns (uint256 remaining) {\r\n        return _allowances[_owner][_spender];\r\n    }\r\n\r\n    // ---------------------------------------------------------------------\r\n    // ERC20 核心交易函数 (Core Transaction Functions)\r\n    // ---------------------------------------------------------------------\r\n\r\n    // transfer(address _to, uint256 _value): 向某个地址转账代币\r\n    function transfer(address _to, uint256 _value) public returns (bool success) {\r\n        // 检查余额\r\n        require(_balances[msg.sender] >= _value, \"ERC20: transfer amount exceeds balance\");\r\n\r\n        // 扣除调用者余额，增加接收方余额\r\n        _balances[msg.sender] -= _value;\r\n        _balances[_to] += _value;\r\n\r\n        // 触发事件\r\n        emit Transfer(msg.sender, _to, _value);\r\n        return true;\r\n    }\r\n\r\n    // approve(address _spender, uint256 _value): 授权第三方使用代币\r\n    function approve(address _spender, uint256 _value) public returns (bool success) {\r\n        // 记录授权额度\r\n        _allowances[msg.sender][_spender] = _value;\r\n\r\n        // 触发事件\r\n        emit Approval(msg.sender, _spender, _value);\r\n        return true;\r\n    }\r\n\r\n    // transferFrom(address _from, address _to, uint256 _value): 从授权地址转账\r\n    function transferFrom(address _from, address _to, uint256 _value) public returns (bool success) {\r\n        // 1. 检查授权额度\r\n        require(_allowances[_from][msg.sender] >= _value, \"ERC20: transfer amount exceeds allowance\");\r\n        // 2. 检查余额\r\n        require(_balances[_from] >= _value, \"ERC20: transfer amount exceeds balance\");\r\n\r\n        // 3. 扣除授权额度\r\n        _allowances[_from][msg.sender] -= _value;\r\n\r\n        // 4. 转移代币\r\n        _balances[_from] -= _value;\r\n        _balances[_to] += _value;\r\n\r\n        // 5. 触发事件\r\n        emit Transfer(_from, _to, _value);\r\n        return true;\r\n    }\r\n\r\n    // ---------------------------------------------------------------------\r\n    // 实验额外要求的 Mint/Burn 函数\r\n    // ---------------------------------------------------------------------\r\n\r\n    // mint(uint256 value): 发行资产（铸币）\r\n    function mint(uint256 value) public {\r\n        // 增加总供应量\r\n        _totalSupply += value;\r\n        // 增加调用者余额\r\n        _balances[msg.sender] += value;\r\n\r\n        // 触发 Transfer 事件 (从 0x0 地址到铸币者)\r\n        emit Transfer(address(0), msg.sender, value);\r\n    }\r\n\r\n    // burn(uint256 value): 销毁资产\r\n    function burn(uint256 value) public {\r\n        // 检查余额是否足够销毁\r\n        require(_balances[msg.sender] >= value, \"ERC20: burn amount exceeds balance\");\r\n\r\n        // 减少总供应量\r\n        _totalSupply -= value;\r\n        // 减少调用者余额\r\n        _balances[msg.sender] -= value;\r\n\r\n        // 触发 Transfer 事件 (从销毁者到 0x0 地址)\r\n        emit Transfer(msg.sender, address(0), value);\r\n    }\r\n}"
    },
    "contracts/YourContract.sol": {
      "content": "//SPDX-License-Identifier: MIT\npragma solidity >=0.8.0 <0.9.0;\n\n// Useful for debugging. Remove when deploying to a live network.\nimport \"hardhat/console.sol\";\n\n// Use openzeppelin to inherit battle-tested implementations (ERC20, ERC721, etc)\n// import \"@openzeppelin/contracts/access/Ownable.sol\";\n\n/**\n * A smart contract that allows changing a state variable of the contract and tracking the changes\n * It also allows the owner to withdraw the Ether in the contract\n * @author BuidlGuidl\n */\ncontract YourContract {\n    // State Variables\n    address public immutable owner;\n    string public greeting = \"Building Unstoppable Apps!!!\";\n    bool public premium = false;\n    uint256 public totalCounter = 0;\n    mapping(address => uint) public userGreetingCounter;\n\n    // Events: a way to emit log statements from smart contract that can be listened to by external parties\n    event GreetingChange(address indexed greetingSetter, string newGreeting, bool premium, uint256 value);\n\n    // Constructor: Called once on contract deployment\n    // Check packages/hardhat/deploy/00_deploy_your_contract.ts\n    constructor(address _owner) {\n        owner = _owner;\n    }\n\n    // Modifier: used to define a set of rules that must be met before or after a function is executed\n    // Check the withdraw() function\n    modifier isOwner() {\n        // msg.sender: predefined variable that represents address of the account that called the current function\n        require(msg.sender == owner, \"Not the Owner\");\n        _;\n    }\n\n    /**\n     * Function that allows anyone to change the state variable \"greeting\" of the contract and increase the counters\n     *\n     * @param _newGreeting (string memory) - new greeting to save on the contract\n     */\n    function setGreeting(string memory _newGreeting) public payable {\n        // Print data to the hardhat chain console. Remove when deploying to a live network.\n        console.log(\"Setting new greeting '%s' from %s\", _newGreeting, msg.sender);\n\n        // Change state variables\n        greeting = _newGreeting;\n        totalCounter += 1;\n        userGreetingCounter[msg.sender] += 1;\n\n        // msg.value: built-in global variable that represents the amount of ether sent with the transaction\n        if (msg.value > 0) {\n            premium = true;\n        } else {\n            premium = false;\n        }\n\n        // emit: keyword used to trigger an event\n        emit GreetingChange(msg.sender, _newGreeting, msg.value > 0, msg.value);\n    }\n\n    /**\n     * Function that allows the owner to withdraw all the Ether in the contract\n     * The function can only be called by the owner of the contract as defined by the isOwner modifier\n     */\n    function withdraw() public isOwner {\n        (bool success, ) = owner.call{ value: address(this).balance }(\"\");\n        require(success, \"Failed to send Ether\");\n    }\n\n    /**\n     * Function that allows the contract to receive ETH\n     */\n    receive() external payable {}\n}\n"
    },
    "hardhat/console.sol": {
      "content": "// SPDX-License-Identifier: MIT\npragma solidity >=0.4.22 <0.9.0;\n\nlibrary console {\n    address constant CONSOLE_ADDRESS =\n        0x000000000000000000636F6e736F6c652e6c6f67;\n\n    function _sendLogPayloadImplementation(bytes memory payload) internal view {\n        address consoleAddress = CONSOLE_ADDRESS;\n        /// @solidity memory-safe-assembly\n        assembly {\n            pop(\n                staticcall(\n                    gas(),\n                    consoleAddress,\n                    add(payload, 32),\n                    mload(payload),\n                    0,\n                    0\n                )\n            )\n        }\n    }\n\n    function _castToPure(\n      function(bytes memory) internal view fnIn\n    ) internal pure returns (function(bytes memory) pure fnOut) {\n        assembly {\n            fnOut := fnIn\n        }\n    }\n\n    function _sendLogPayload(bytes memory payload) internal pure {\n        _castToPure(_sendLogPayloadImplementation)(payload);\n    }\n\n    function log() internal pure {\n        _sendLogPayload(abi.encodeWithSignature(\"log()\"));\n    }\n\n    function logInt(int256 p0) internal pure {\n        _sendLogPayload(abi.encodeWithSignature(\"log(int256)\", p0));\n    }\n\n    function logUint(uint256 p0) internal pure {\n        _sendLogPayload(abi.encodeWithSignature(\"log(uint256)\", p0));\n    }\n\n    function logString(string memory p0) internal pure {\n        _sendLogPayload(abi.encodeWithSignature(\"log(string)\", p0));\n    }\n\n    function logBool(bool p0) internal pure {\n        _sendLogPayload(abi.encodeWithSignature(\"log(bool)\", p0));\n    }\n\n    function logAddress(address p0) internal pure {\n        _sendLogPayload(abi.encodeWithSignature(\"log(address)\", p0));\n    }\n\n    function logBytes(bytes memory p0) internal pure {\n        _sendLogPayload(abi.encodeWithSignature(\"log(bytes)\", p0));\n    }\n\n    function logBytes1(bytes1 p0) internal pure {\n        _sendLogPayload(abi.encodeWithSignature(\"log(bytes1)\", p0));\n    }\n\n    function logBytes2(bytes2 p0) internal pure {\n        _sendLogPayload(abi.encodeWithSignature(\"log(bytes2)\", p0));\n    }\n\n    function logBytes3(bytes3 p0) internal pure {\n        _sendLogPayload(abi.encodeWithSignature(\"log(bytes3)\", p0));\n    }\n\n    function logBytes4(bytes4 p0) internal pure {\n        _sendLogPayload(abi.encodeWithSignature(\"log(bytes4)\", p0));\n    }\n\n    function logBytes5(bytes5 p0) internal pure {\n        _sendLogPayload(abi.encodeWithSignature(\"log(bytes5)\", p0));\n    }\n\n    function logBytes6(bytes6 p0) internal pure {\n        _sendLogPayload(abi.encodeWithSignature(\"log(bytes6)\", p0));\n    }\n\n    function logBytes7(bytes7 p0) internal pure {\n        _sendLogPayload(abi.encodeWithSignature(\"log(bytes7)\", p0));\n    }\n\n    function logBytes8(bytes8 p0) internal pure {\n        _sendLogPayload(abi.encodeWithSignature(\"log(bytes8)\", p0));\n    }\n\n    function logBytes9(bytes9 p0) internal pure {\n        _sendLogPayload(abi.encodeWithSignature(\"log(bytes9)\", p0));\n    }\n\n    function logBytes10(bytes10 p0) internal pure {\n        _sendLogPayload(abi.encodeWithSignature(\"log(bytes10)\", p0));\n    }\n\n    function logBytes11(bytes11 p0) internal pure {\n        _sendLogPayload(abi.encodeWithSignature(\"log(bytes11)\", p0));\n    }\n\n    function logBytes12(bytes12 p0) internal pure {\n        _sendLogPayload(abi.encodeWithSignature(\"log(bytes12)\", p0));\n    }\n\n    function logBytes13(bytes13 p0) internal pure {\n        _sendLogPayload(abi.encodeWithSignature(\"log(bytes13)\", p0));\n    }\n\n    function logBytes14(bytes14 p0) internal pure {\n        _sendLogPayload(abi.encodeWithSignature(\"log(bytes14)\", p0));\n    }\n\n    function logBytes15(bytes15 p0) internal pure {\n        _sendLogPayload(abi.encodeWithSignature(\"log(bytes15)\", p0));\n    }\n\n    function logBytes16(bytes16 p0) internal pure {\n        _sendLogPayload(abi.encodeWithSignature(\"log(bytes16)\", p0));\n    }\n\n    function logBytes17(bytes17 p0) internal pure {\n        _sendLogPayload(abi.encodeWithSignature(\"log(bytes17)\", p0));\n    }\n\n    function logBytes18(bytes18 p0) internal pure {\n        _sendLogPayload(abi.encodeWithSignature(\"log(bytes18)\", p0));\n    }\n\n    function logBytes19(bytes19 p0) internal pure {\n        _sendLogPayload(abi.encodeWithSignature(\"log(bytes19)\", p0));\n    }\n\n    function logBytes20(bytes20 p0) internal pure {\n        _sendLogPayload(abi.encodeWithSignature(\"log(bytes20)\", p0));\n    }\n\n    function logBytes21(bytes21 p0) internal pure {\n        _sendLogPayload(abi.encodeWithSignature(\"log(bytes21)\", p0));\n    }\n\n    function logBytes22(bytes22 p0) internal pure {\n        _sendLogPayload(abi.encodeWithSignature(\"log(bytes22)\", p0));\n    }\n\n    function logBytes23(bytes23 p0) internal pure {\n        _sendLogPayload(abi.encodeWithSignature(\"log(bytes23)\", p0));\n    }\n\n    function logBytes24(bytes24 p0) internal pure {\n        _sendLogPayload(abi.encodeWithSignature(\"log(bytes24)\", p0));\n    }\n\n    function logBytes25(bytes25 p0) internal pure {\n        _sendLogPayload(abi.encodeWithSignature(\"log(bytes25)\", p0));\n    }\n\n    function logBytes26(bytes26 p0) internal pure {\n        _sendLogPayload(abi.encodeWithSignature(\"log(bytes26)\", p0));\n    }\n\n    function logBytes27(bytes27 p0) internal pure {\n        _sendLogPayload(abi.encodeWithSignature(\"log(bytes27)\", p0));\n    }\n\n    function logBytes28(bytes28 p0) internal pure {\n        _sendLogPayload(abi.encodeWithSignature(\"log(bytes28)\", p0));\n    }\n\n    function logBytes29(bytes29 p0) internal pure {\n        _sendLogPayload(abi.encodeWithSignature(\"log(bytes29)\", p0));\n    }\n\n    function logBytes30(bytes30 p0) internal pure {\n        _sendLogPayload(abi.encodeWithSignature(\"log(bytes30)\", p0));\n    }\n\n    function logBytes31(bytes31 p0) internal pure {\n        _sendLogPayload(abi.encodeWithSignature(\"log(bytes31)\", p0));\n    }\n\n    function logBytes32(bytes32 p0) internal pure {\n        _sendLogPayload(abi.encodeWithSignature(\"log(bytes32)\", p0));\n    }\n\n    function log(uint256 p0) internal pure {\n        _sendLogPayload(abi.encodeWithSignature(\"log(uint256)\", p0));\n    }\n\n    function log(string memory p0) internal pure {\n        _sendLogPayload(abi.encodeWithSignature(\"log(string)\", p0));\n    }\n\n    function log(bool p0) internal pure {\n        _sendLogPayload(abi.encodeWithSignature(\"log(bool)\", p0));\n    }\n\n    function log(address p0) internal pure {\n        _sendLogPayload(abi.encodeWithSignature(\"log(address)\", p0));\n    }\n\n    function log(uint256 p0, uint256 p1) internal pure {\n        _sendLogPayload(abi.encodeWithSignature(\"log(uint256,uint256)\", p0, p1));\n    }\n\n    function log(uint256 p0, string memory p1) internal pure {\n        _sendLogPayload(abi.encodeWithSignature(\"log(uint256,string)\", p0, p1));\n    }\n\n    function log(uint256 p0, bool p1) internal pure {\n        _sendLogPayload(abi.encodeWithSignature(\"log(uint256,bool)\", p0, p1));\n    }\n\n    function log(uint256 p0, address p1) internal pure {\n        _sendLogPayload(abi.encodeWithSignature(\"log(uint256,address)\", p0, p1));\n    }\n\n    function log(string memory p0, uint256 p1) internal pure {\n        _sendLogPayload(abi.encodeWithSignature(\"log(string,uint256)\", p0, p1));\n    }\n\n    function log(string memory p0, string memory p1) internal pure {\n        _sendLogPayload(abi.encodeWithSignature(\"log(string,string)\", p0, p1));\n    }\n\n    function log(string memory p0, bool p1) internal pure {\n        _sendLogPayload(abi.encodeWithSignature(\"log(string,bool)\", p0, p1));\n    }\n\n    function log(string memory p0, address p1) internal pure {\n        _sendLogPayload(abi.encodeWithSignature(\"log(string,address)\", p0, p1));\n    }\n\n    function log(bool p0, uint256 p1) internal pure {\n        _sendLogPayload(abi.encodeWithSignature(\"log(bool,uint256)\", p0, p1));\n    }\n\n    function log(bool p0, string memory p1) internal pure {\n        _sendLogPayload(abi.encodeWithSignature(\"log(bool,string)\", p0, p1));\n    }\n\n    function log(bool p0, bool p1) internal pure {\n        _sendLogPayload(abi.encodeWithSignature(\"log(bool,bool)\", p0, p1));\n    }\n\n    function log(bool p0, address p1) internal pure {\n        _sendLogPayload(abi.encodeWithSignature(\"log(bool,address)\", p0, p1));\n    }\n\n    function log(address p0, uint256 p1) internal pure {\n        _sendLogPayload(abi.encodeWithSignature(\"log(address,uint256)\", p0, p1));\n    }\n\n    function log(address p0, string memory p1) internal pure {\n        _sendLogPayload(abi.encodeWithSignature(\"log(address,string)\", p0, p1));\n    }\n\n    function log(address p0, bool p1) internal pure {\n        _sendLogPayload(abi.encodeWithSignature(\"log(address,bool)\", p0, p1));\n    }\n\n    function log(address p0, address p1) internal pure {\n        _sendLogPayload(abi.encodeWithSignature(\"log(address,address)\", p0, p1));\n    }\n\n    function log(uint256 p0, uint256 p1, uint256 p2) internal pure {\n        _sendLogPayload(abi.encodeWithSignature(\"log(uint256,uint256,uint256)\", p0, p1, p2));\n    }\n\n    function log(uint256 p0, uint256 p1, string memory p2) internal pure {\n        _sendLogPayload(abi.encodeWithSignature(\"log(uint256,uint256,string)\", p0, p1, p2));\n    }\n\n    function log(uint256 p0, uint256 p1, bool p2) internal pure {\n        _sendLogPayload(abi.encodeWithSignature(\"log(uint256,uint256,bool)\", p0, p1, p2));\n    }\n\n    function log(uint256 p0, uint256 p1, address p2) internal pure {\n        _sendLogPayload(abi.encodeWithSignature(\"log(uint256,uint256,address)\", p0, p1, p2));\n    }\n\n    function log(uint256 p0, string memory p1, uint256 p2) internal pure {\n        _sendLogPayload(abi.encodeWithSignature(\"log(uint256,string,uint256)\", p0, p1, p2));\n    }\n\n    function log(uint256 p0, string memory p1, string memory p2) internal pure {\n        _sendLogPayload(abi.encodeWithSignature(\"log(uint256,string,string)\", p0, p1, p2));\n    }\n\n    function log(uint256 p0, string memory p1, bool p2) internal pure {\n        _sendLogPayload(abi.encodeWithSignature(\"log(uint256,string,bool)\", p0, p1, p2));\n    }\n\n    function log(uint256 p0, string memory p1, address p2) internal pure {\n        _sendLogPayload(abi.encodeWithSignature(\"log(uint256,string,address)\", p0, p1, p2));\n    }\n\n    function log(uint256 p0, bool p1, uint256 p2) internal pure {\n        _sendLogPayload(abi.encodeWithSignature(\"log(uint256,bool,uint256)\", p0, p1, p2));\n    }\n\n    function log(uint256 p0, bool p1, string memory p2) internal pure {\n        _sendLogPayload(abi.encodeWithSignature(\"log(uint256,bool,string)\", p0, p1, p2));\n    }\n\n    function log(uint256 p0, bool p1, bool p2) internal pure {\n        _sendLogPayload(abi.encodeWithSignature(\"log(uint256,bool,bool)\", p0, p1, p2));\n    }\n\n    function log(uint256 p0, bool p1, address p2) internal pure {\n        _sendLogPayload(abi.encodeWithSignature(\"log(uint256,bool,address)\", p0, p1, p2));\n    }\n\n    function log(uint256 p0, address p1, uint256 p2) internal pure {\n        _sendLogPayload(abi.encodeWithSignature(\"log(uint256,address,uint256)\", p0, p1, p2));\n    }\n\n    function log(uint256 p0, address p1, string memory p2) internal pure {\n        _sendLogPayload(abi.encodeWithSignature(\"log(uint256,address,string)\", p0, p1, p2));\n    }\n\n    function log(uint256 p0, address p1, bool p2) internal pure {\n        _sendLogPayload(abi.encodeWithSignature(\"log(uint256,address,bool)\", p0, p1, p2));\n    }\n\n    function log(uint256 p0, address p1, address p2) internal pure {\n        _sendLogPayload(abi.encodeWithSignature(\"log(uint256,address,address)\", p0, p1, p2));\n    }\n\n    function log(string memory p0, uint256 p1, uint256 p2) internal pure {\n        _sendLogPayload(abi.encodeWithSignature(\"log(string,uint256,uint256)\", p0, p1, p2));\n    }\n\n    function log(string memory p0, uint256 p1, string memory p2) internal pure {\n        _sendLogPayload(abi.encodeWithSignature(\"log(string,uint256,string)\", p0, p1, p2));\n    }\n\n    function log(string memory p0, uint256 p1, bool p2) internal pure {\n        _sendLogPayload(abi.encodeWithSignature(\"log(string,uint256,bool)\", p0, p1, p2));\n    }\n\n    function log(string memory p0, uint256 p1, address p2) internal pure {\n        _sendLogPayload(abi.encodeWithSignature(\"log(string,uint256,address)\", p0, p1, p2));\n    }\n\n    function log(string memory p0, string memory p1, uint256 p2) internal pure {\n        _sendLogPayload(abi.encodeWithSignature(\"log(string,string,uint256)\", p0, p1, p2));\n    }\n\n    function log(string memory p0, string memory p1, string memory p2) internal pure {\n        _sendLogPayload(abi.encodeWithSignature(\"log(string,string,string)\", p0, p1, p2));\n    }\n\n    function log(string memory p0, string memory p1, bool p2) internal pure {\n        _sendLogPayload(abi.encodeWithSignature(\"log(string,string,bool)\", p0, p1, p2));\n    }\n\n    function log(string memory p0, string memory p1, address p2) internal pure {\n        _sendLogPayload(abi.encodeWithSignature(\"log(string,string,address)\", p0, p1, p2));\n    }\n\n    function log(string memory p0, bool p1, uint256 p2) internal pure {\n        _sendLogPayload(abi.encodeWithSignature(\"log(string,bool,uint256)\", p0, p1, p2));\n    }\n\n    function log(string memory p0, bool p1, string memory p2) internal pure {\n        _sendLogPayload(abi.encodeWithSignature(\"log(string,bool,string)\", p0, p1, p2));\n    }\n\n    function log(string memory p0, bool p1, bool p2) internal pure {\n        _sendLogPayload(abi.encodeWithSignature(\"log(string,bool,bool)\", p0, p1, p2));\n    }\n\n    function log(string memory p0, bool p1, address p2) internal pure {\n        _sendLogPayload(abi.encodeWithSignature(\"log(string,bool,address)\", p0, p1, p2));\n    }\n\n    function log(string memory p0, address p1, uint256 p2) internal pure {\n        _sendLogPayload(abi.encodeWithSignature(\"log(string,address,uint256)\", p0, p1, p2));\n    }\n\n    function log(string memory p0, address p1, string memory p2) internal pure {\n        _sendLogPayload(abi.encodeWithSignature(\"log(string,address,string)\", p0, p1, p2));\n    }\n\n    function log(string memory p0, address p1, bool p2) internal pure {\n        _sendLogPayload(abi.encodeWithSignature(\"log(string,address,bool)\", p0, p1, p2));\n    }\n\n    function log(string memory p0, address p1, address p2) internal pure {\n        _sendLogPayload(abi.encodeWithSignature(\"log(string,address,address)\", p0, p1, p2));\n    }\n\n    function log(bool p0, uint256 p1, uint256 p2) internal pure {\n        _sendLogPayload(abi.encodeWithSignature(\"log(bool,uint256,uint256)\", p0, p1, p2));\n    }\n\n    function log(bool p0, uint256 p1, string memory p2) internal pure {\n        _sendLogPayload(abi.encodeWithSignature(\"log(bool,uint256,string)\", p0, p1, p2));\n    }\n\n    function log(bool p0, uint256 p1, bool p2) internal pure {\n        _sendLogPayload(abi.encodeWithSignature(\"log(bool,uint256,bool)\", p0, p1, p2));\n    }\n\n    function log(bool p0, uint256 p1, address p2) internal pure {\n        _sendLogPayload(abi.encodeWithSignature(\"log(bool,uint256,address)\", p0, p1, p2));\n    }\n\n    function log(bool p0, string memory p1, uint256 p2) internal pure {\n        _sendLogPayload(abi.encodeWithSignature(\"log(bool,string,uint256)\", p0, p1, p2));\n    }\n\n    function log(bool p0, string memory p1, string memory p2) internal pure {\n        _sendLogPayload(abi.encodeWithSignature(\"log(bool,string,string)\", p0, p1, p2));\n    }\n\n    function log(bool p0, string memory p1, bool p2) internal pure {\n        _sendLogPayload(abi.encodeWithSignature(\"log(bool,string,bool)\", p0, p1, p2));\n    }\n\n    function log(bool p0, string memory p1, address p2) internal pure {\n        _sendLogPayload(abi.encodeWithSignature(\"log(bool,string,address)\", p0, p1, p2));\n    }\n\n    function log(bool p0, bool p1, uint256 p2) internal pure {\n        _sendLogPayload(abi.encodeWithSignature(\"log(bool,bool,uint256)\", p0, p1, p2));\n    }\n\n    function log(bool p0, bool p1, string memory p2) internal pure {\n        _sendLogPayload(abi.encodeWithSignature(\"log(bool,bool,string)\", p0, p1, p2));\n    }\n\n    function log(bool p0, bool p1, bool p2) internal pure {\n        _sendLogPayload(abi.encodeWithSignature(\"log(bool,bool,bool)\", p0, p1, p2));\n    }\n\n    function log(bool p0, bool p1, address p2) internal pure {\n        _sendLogPayload(abi.encodeWithSignature(\"log(bool,bool,address)\", p0, p1, p2));\n    }\n\n    function log(bool p0, address p1, uint256 p2) internal pure {\n        _sendLogPayload(abi.encodeWithSignature(\"log(bool,address,uint256)\", p0, p1, p2));\n    }\n\n    function log(bool p0, address p1, string memory p2) internal pure {\n        _sendLogPayload(abi.encodeWithSignature(\"log(bool,address,string)\", p0, p1, p2));\n    }\n\n    function log(bool p0, address p1, bool p2) internal pure {\n        _sendLogPayload(abi.encodeWithSignature(\"log(bool,address,bool)\", p0, p1, p2));\n    }\n\n    function log(bool p0, address p1, address p2) internal pure {\n        _sendLogPayload(abi.encodeWithSignature(\"log(bool,address,address)\", p0, p1, p2));\n    }\n\n    function log(address p0, uint256 p1, uint256 p2) internal pure {\n        _sendLogPayload(abi.encodeWithSignature(\"log(address,uint256,uint256)\", p0, p1, p2));\n    }\n\n    function log(address p0, uint256 p1, string memory p2) internal pure {\n        _sendLogPayload(abi.encodeWithSignature(\"log(address,uint256,string)\", p0, p1, p2));\n    }\n\n    function log(address p0, uint256 p1, bool p2) internal pure {\n        _sendLogPayload(abi.encodeWithSignature(\"log(address,uint256,bool)\", p0, p1, p2));\n    }\n\n    function log(address p0, uint256 p1, address p2) internal pure {\n        _sendLogPayload(abi.encodeWithSignature(\"log(address,uint256,address)\", p0, p1, p2));\n    }\n\n    function log(address p0, string memory p1, uint256 p2) internal pure {\n        _sendLogPayload(abi.encodeWithSignature(\"log(address,string,uint256)\", p0, p1, p2));\n    }\n\n    function log(address p0, string memory p1, string memory p2) internal pure {\n        _sendLogPayload(abi.encodeWithSignature(\"log(address,string,string)\", p0, p1, p2));\n    }\n\n    function log(address p0, string memory p1, bool p2) internal pure {\n        _sendLogPayload(abi.encodeWithSignature(\"log(address,string,bool)\", p0, p1, p2));\n    }\n\n    function log(address p0, string memory p1, address p2) internal pure {\n        _sendLogPayload(abi.encodeWithSignature(\"log(address,string,address)\", p0, p1, p2));\n    }\n\n    function log(address p0, bool p1, uint256 p2) internal pure {\n        _sendLogPayload(abi.encodeWithSignature(\"log(address,bool,uint256)\", p0, p1, p2));\n    }\n\n    function log(address p0, bool p1, string memory p2) internal pure {\n        _sendLogPayload(abi.encodeWithSignature(\"log(address,bool,string)\", p0, p1, p2));\n    }\n\n    function log(address p0, bool p1, bool p2) internal pure {\n        _sendLogPayload(abi.encodeWithSignature(\"log(address,bool,bool)\", p0, p1, p2));\n    }\n\n    function log(address p0, bool p1, address p2) internal pure {\n        _sendLogPayload(abi.encodeWithSignature(\"log(address,bool,address)\", p0, p1, p2));\n    }\n\n    function log(address p0, address p1, uint256 p2) internal pure {\n        _sendLogPayload(abi.encodeWithSignature(\"log(address,address,uint256)\", p0, p1, p2));\n    }\n\n    function log(address p0, address p1, string memory p2) internal pure {\n        _sendLogPayload(abi.encodeWithSignature(\"log(address,address,string)\", p0, p1, p2));\n    }\n\n    function log(address p0, address p1, bool p2) internal pure {\n        _sendLogPayload(abi.encodeWithSignature(\"log(address,address,bool)\", p0, p1, p2));\n    }\n\n    function log(address p0, address p1, address p2) internal pure {\n        _sendLogPayload(abi.encodeWithSignature(\"log(address,address,address)\", p0, p1, p2));\n    }\n\n    function log(uint256 p0, uint256 p1, uint256 p2, uint256 p3) internal pure {\n        _sendLogPayload(abi.encodeWithSignature(\"log(uint256,uint256,uint256,uint256)\", p0, p1, p2, p3));\n    }\n\n    function log(uint256 p0, uint256 p1, uint256 p2, string memory p3) internal pure {\n        _sendLogPayload(abi.encodeWithSignature(\"log(uint256,uint256,uint256,string)\", p0, p1, p2, p3));\n    }\n\n    function log(uint256 p0, uint256 p1, uint256 p2, bool p3) internal pure {\n        _sendLogPayload(abi.encodeWithSignature(\"log(uint256,uint256,uint256,bool)\", p0, p1, p2, p3));\n    }\n\n    function log(uint256 p0, uint256 p1, uint256 p2, address p3) internal pure {\n        _sendLogPayload(abi.encodeWithSignature(\"log(uint256,uint256,uint256,address)\", p0, p1, p2, p3));\n    }\n\n    function log(uint256 p0, uint256 p1, string memory p2, uint256 p3) internal pure {\n        _sendLogPayload(abi.encodeWithSignature(\"log(uint256,uint256,string,uint256)\", p0, p1, p2, p3));\n    }\n\n    function log(uint256 p0, uint256 p1, string memory p2, string memory p3) internal pure {\n        _sendLogPayload(abi.encodeWithSignature(\"log(uint256,uint256,string,string)\", p0, p1, p2, p3));\n    }\n\n    function log(uint256 p0, uint256 p1, string memory p2, bool p3) internal pure {\n        _sendLogPayload(abi.encodeWithSignature(\"log(uint256,uint256,string,bool)\", p0, p1, p2, p3));\n    }\n\n    function log(uint256 p0, uint256 p1, string memory p2, address p3) internal pure {\n        _sendLogPayload(abi.encodeWithSignature(\"log(uint256,uint256,string,address)\", p0, p1, p2, p3));\n    }\n\n    function log(uint256 p0, uint256 p1, bool p2, uint256 p3) internal pure {\n        _sendLogPayload(abi.encodeWithSignature(\"log(uint256,uint256,bool,uint256)\", p0, p1, p2, p3));\n    }\n\n    function log(uint256 p0, uint256 p1, bool p2, string memory p3) internal pure {\n        _sendLogPayload(abi.encodeWithSignature(\"log(uint256,uint256,bool,string)\", p0, p1, p2, p3));\n    }\n\n    function log(uint256 p0, uint256 p1, bool p2, bool p3) internal pure {\n        _sendLogPayload(abi.encodeWithSignature(\"log(uint256,uint256,bool,bool)\", p0, p1, p2, p3));\n    }\n\n    function log(uint256 p0, uint256 p1, bool p2, address p3) internal pure {\n        _sendLogPayload(abi.encodeWithSignature(\"log(uint256,uint256,bool,address)\", p0, p1, p2, p3));\n    }\n\n    function log(uint256 p0, uint256 p1, address p2, uint256 p3) internal pure {\n        _sendLogPayload(abi.encodeWithSignature(\"log(uint256,uint256,address,uint256)\", p0, p1, p2, p3));\n    }\n\n    function log(uint256 p0, uint256 p1, address p2, string memory p3) internal pure {\n        _sendLogPayload(abi.encodeWithSignature(\"log(uint256,uint256,address,string)\", p0, p1, p2, p3));\n    }\n\n    function log(uint256 p0, uint256 p1, address p2, bool p3) internal pure {\n        _sendLogPayload(abi.encodeWithSignature(\"log(uint256,uint256,address,bool)\", p0, p1, p2, p3));\n    }\n\n    function log(uint256 p0, uint256 p1, address p2, address p3) internal pure {\n        _sendLogPayload(abi.encodeWithSignature(\"log(uint256,uint256,address,address)\", p0, p1, p2, p3));\n    }\n\n    function log(uint256 p0, string memory p1, uint256 p2, uint256 p3) internal pure {\n        _sendLogPayload(abi.encodeWithSignature(\"log(uint256,string,uint256,uint256)\", p0, p1, p2, p3));\n    }\n\n    function log(uint256 p0, string memory p1, uint256 p2, string memory p3) internal pure {\n        _sendLogPayload(abi.encodeWithSignature(\"log(uint256,string,uint256,string)\", p0, p1, p2, p3));\n    }\n\n    function log(uint256 p0, string memory p1, uint256 p2, bool p3) internal pure {\n        _sendLogPayload(abi.encodeWithSignature(\"log(uint256,string,uint256,bool)\", p0, p1, p2, p3));\n    }\n\n    function log(uint256 p0, string memory p1, uint256 p2, address p3) internal pure {\n        _sendLogPayload(abi.encodeWithSignature(\"log(uint256,string,uint256,address)\", p0, p1, p2, p3));\n    }\n\n    function log(uint256 p0, string memory p1, string memory p2, uint256 p3) internal pure {\n        _sendLogPayload(abi.encodeWithSignature(\"log(uint256,string,string,uint256)\", p0, p1, p2, p3));\n    }\n\n    function log(uint256 p0, string memory p1, string memory p2, string memory p3) internal pure {\n        _sendLogPayload(abi.encodeWithSignature(\"log(uint256,string,string,string)\", p0, p1, p2, p3));\n    }\n\n    function log(uint256 p0, string memory p1, string memory p2, bool p3) internal pure {\n        _sendLogPayload(abi.encodeWithSignature(\"log(uint256,string,string,bool)\", p0, p1, p2, p3));\n    }\n\n    function log(uint256 p0, string memory p1, string memory p2, address p3) internal pure {\n        _sendLogPayload(abi.encodeWithSignature(\"log(uint256,string,string,address)\", p0, p1, p2, p3));\n    }\n\n    function log(uint256 p0, string memory p1, bool p2, uint256 p3) internal pure {\n        _sendLogPayload(abi.encodeWithSignature(\"log(uint256,string,bool,uint256)\", p0, p1, p2, p3));\n    }\n\n    function log(uint256 p0, string memory p1, bool p2, string memory p3) internal pure {\n        _sendLogPayload(abi.encodeWithSignature(\"log(uint256,string,bool,string)\", p0, p1, p2, p3));\n    }\n\n    function log(uint256 p0, string memory p1, bool p2, bool p3) internal pure {\n        _sendLogPayload(abi.encodeWithSignature(\"log(uint256,string,bool,bool)\", p0, p1, p2, p3));\n    }\n\n    function log(uint256 p0, string memory p1, bool p2, address p3) internal pure {\n        _sendLogPayload(abi.encodeWithSignature(\"log(uint256,string,bool,address)\", p0, p1, p2, p3));\n    }\n\n    function log(uint256 p0, string memory p1, address p2, uint256 p3) internal pure {\n        _sendLogPayload(abi.encodeWithSignature(\"log(uint256,string,address,uint256)\", p0, p1, p2, p3));\n    }\n\n    function log(uint256 p0, string memory p1, address p2, string memory p3) internal pure {\n        _sendLogPayload(abi.encodeWithSignature(\"log(uint256,string,address,string)\", p0, p1, p2, p3));\n    }\n\n    function log(uint256 p0, string memory p1, address p2, bool p3) internal pure {\n        _sendLogPayload(abi.encodeWithSignature(\"log(uint256,string,address,bool)\", p0, p1, p2, p3));\n    }\n\n    function log(uint256 p0, string memory p1, address p2, address p3) internal pure {\n        _sendLogPayload(abi.encodeWithSignature(\"log(uint256,string,address,address)\", p0, p1, p2, p3));\n    }\n\n    function log(uint256 p0, bool p1, uint256 p2, uint256 p3) internal pure {\n        _sendLogPayload(abi.encodeWithSignature(\"log(uint256,bool,uint256,uint256)\", p0, p1, p2, p3));\n    }\n\n    function log(uint256 p0, bool p1, uint256 p2, string memory p3) internal pure {\n        _sendLogPayload(abi.encodeWithSignature(\"log(uint256,bool,uint256,string)\", p0, p1, p2, p3));\n    }\n\n    function log(uint256 p0, bool p1, uint256 p2, bool p3) internal pure {\n        _sendLogPayload(abi.encodeWithSignature(\"log(uint256,bool,uint256,bool)\", p0, p1, p2, p3));\n    }\n\n    function log(uint256 p0, bool p1, uint256 p2, address p3) internal pure {\n        _sendLogPayload(abi.encodeWithSignature(\"log(uint256,bool,uint256,address)\", p0, p1, p2, p3));\n    }\n\n    function log(uint256 p0, bool p1, string memory p2, uint256 p3) internal pure {\n        _sendLogPayload(abi.encodeWithSignature(\"log(uint256,bool,string,uint256)\", p0, p1, p2, p3));\n    }\n\n    function log(uint256 p0, bool p1, string memory p2, string memory p3) internal pure {\n        _sendLogPayload(abi.encodeWithSignature(\"log(uint256,bool,string,string)\", p0, p1, p2, p3));\n    }\n\n    function log(uint256 p0, bool p1, string memory p2, bool p3) internal pure {\n        _sendLogPayload(abi.encodeWithSignature(\"log(uint256,bool,string,bool)\", p0, p1, p2, p3));\n    }\n\n    function log(uint256 p0, bool p1, string memory p2, address p3) internal pure {\n        _sendLogPayload(abi.encodeWithSignature(\"log(uint256,bool,string,address)\", p0, p1, p2, p3));\n    }\n\n    function log(uint256 p0, bool p1, bool p2, uint256 p3) internal pure {\n        _sendLogPayload(abi.encodeWithSignature(\"log(uint256,bool,bool,uint256)\", p0, p1, p2, p3));\n    }\n\n    function log(uint256 p0, bool p1, bool p2, string memory p3) internal pure {\n        _sendLogPayload(abi.encodeWithSignature(\"log(uint256,bool,bool,string)\", p0, p1, p2, p3));\n    }\n\n    function log(uint256 p0, bool p1, bool p2, bool p3) internal pure {\n        _sendLogPayload(abi.encodeWithSignature(\"log(uint256,bool,bool,bool)\", p0, p1, p2, p3));\n    }\n\n    function log(uint256 p0, bool p1, bool p2, address p3) internal pure {\n        _sendLogPayload(abi.encodeWithSignature(\"log(uint256,bool,bool,address)\", p0, p1, p2, p3));\n    }\n\n    function log(uint256 p0, bool p1, address p2, uint256 p3) internal pure {\n        _sendLogPayload(abi.encodeWithSignature(\"log(uint256,bool,address,uint256)\", p0, p1, p2, p3));\n    }\n\n    function log(uint256 p0, bool p1, address p2, string memory p3) internal pure {\n        _sendLogPayload(abi.encodeWithSignature(\"log(uint256,bool,address,string)\", p0, p1, p2, p3));\n    }\n\n    function log(uint256 p0, bool p1, address p2, bool p3) internal pure {\n        _sendLogPayload(abi.encodeWithSignature(\"log(uint256,bool,address,bool)\", p0, p1, p2, p3));\n    }\n\n    function log(uint256 p0, bool p1, address p2, address p3) internal pure {\n        _sendLogPayload(abi.encodeWithSignature(\"log(uint256,bool,address,address)\", p0, p1, p2, p3));\n    }\n\n    function log(uint256 p0, address p1, uint256 p2, uint256 p3) internal pure {\n        _sendLogPayload(abi.encodeWithSignature(\"log(uint256,address,uint256,uint256)\", p0, p1, p2, p3));\n    }\n\n    function log(uint256 p0, address p1, uint256 p2, string memory p3) internal pure {\n        _sendLogPayload(abi.encodeWithSignature(\"log(uint256,address,uint256,string)\", p0, p1, p2, p3));\n    }\n\n    function log(uint256 p0, address p1, uint256 p2, bool p3) internal pure {\n        _sendLogPayload(abi.encodeWithSignature(\"log(uint256,address,uint256,bool)\", p0, p1, p2, p3));\n    }\n\n    function log(uint256 p0, address p1, uint256 p2, address p3) internal pure {\n        _sendLogPayload(abi.encodeWithSignature(\"log(uint256,address,uint256,address)\", p0, p1, p2, p3));\n    }\n\n    function log(uint256 p0, address p1, string memory p2, uint256 p3) internal pure {\n        _sendLogPayload(abi.encodeWithSignature(\"log(uint256,address,string,uint256)\", p0, p1, p2, p3));\n    }\n\n    function log(uint256 p0, address p1, string memory p2, string memory p3) internal pure {\n        _sendLogPayload(abi.encodeWithSignature(\"log(uint256,address,string,string)\", p0, p1, p2, p3));\n    }\n\n    function log(uint256 p0, address p1, string memory p2, bool p3) internal pure {\n        _sendLogPayload(abi.encodeWithSignature(\"log(uint256,address,string,bool)\", p0, p1, p2, p3));\n    }\n\n    function log(uint256 p0, address p1, string memory p2, address p3) internal pure {\n        _sendLogPayload(abi.encodeWithSignature(\"log(uint256,address,string,address)\", p0, p1, p2, p3));\n    }\n\n    function log(uint256 p0, address p1, bool p2, uint256 p3) internal pure {\n        _sendLogPayload(abi.encodeWithSignature(\"log(uint256,address,bool,uint256)\", p0, p1, p2, p3));\n    }\n\n    function log(uint256 p0, address p1, bool p2, string memory p3) internal pure {\n        _sendLogPayload(abi.encodeWithSignature(\"log(uint256,address,bool,string)\", p0, p1, p2, p3));\n    }\n\n    function log(uint256 p0, address p1, bool p2, bool p3) internal pure {\n        _sendLogPayload(abi.encodeWithSignature(\"log(uint256,address,bool,bool)\", p0, p1, p2, p3));\n    }\n\n    function log(uint256 p0, address p1, bool p2, address p3) internal pure {\n        _sendLogPayload(abi.encodeWithSignature(\"log(uint256,address,bool,address)\", p0, p1, p2, p3));\n    }\n\n    function log(uint256 p0, address p1, address p2, uint256 p3) internal pure {\n        _sendLogPayload(abi.encodeWithSignature(\"log(uint256,address,address,uint256)\", p0, p1, p2, p3));\n    }\n\n    function log(uint256 p0, address p1, address p2, string memory p3) internal pure {\n        _sendLogPayload(abi.encodeWithSignature(\"log(uint256,address,address,string)\", p0, p1, p2, p3));\n    }\n\n    function log(uint256 p0, address p1, address p2, bool p3) internal pure {\n        _sendLogPayload(abi.encodeWithSignature(\"log(uint256,address,address,bool)\", p0, p1, p2, p3));\n    }\n\n    function log(uint256 p0, address p1, address p2, address p3) internal pure {\n        _sendLogPayload(abi.encodeWithSignature(\"log(uint256,address,address,address)\", p0, p1, p2, p3));\n    }\n\n    function log(string memory p0, uint256 p1, uint256 p2, uint256 p3) internal pure {\n        _sendLogPayload(abi.encodeWithSignature(\"log(string,uint256,uint256,uint256)\", p0, p1, p2, p3));\n    }\n\n    function log(string memory p0, uint256 p1, uint256 p2, string memory p3) internal pure {\n        _sendLogPayload(abi.encodeWithSignature(\"log(string,uint256,uint256,string)\", p0, p1, p2, p3));\n    }\n\n    function log(string memory p0, uint256 p1, uint256 p2, bool p3) internal pure {\n        _sendLogPayload(abi.encodeWithSignature(\"log(string,uint256,uint256,bool)\", p0, p1, p2, p3));\n    }\n\n    function log(string memory p0, uint256 p1, uint256 p2, address p3) internal pure {\n        _sendLogPayload(abi.encodeWithSignature(\"log(string,uint256,uint256,address)\", p0, p1, p2, p3));\n    }\n\n    function log(string memory p0, uint256 p1, string memory p2, uint256 p3) internal pure {\n        _sendLogPayload(abi.encodeWithSignature(\"log(string,uint256,string,uint256)\", p0, p1, p2, p3));\n    }\n\n    function log(string memory p0, uint256 p1, string memory p2, string memory p3) internal pure {\n        _sendLogPayload(abi.encodeWithSignature(\"log(string,uint256,string,string)\", p0, p1, p2, p3));\n    }\n\n    function log(string memory p0, uint256 p1, string memory p2, bool p3) internal pure {\n        _sendLogPayload(abi.encodeWithSignature(\"log(string,uint256,string,bool)\", p0, p1, p2, p3));\n    }\n\n    function log(string memory p0, uint256 p1, string memory p2, address p3) internal pure {\n        _sendLogPayload(abi.encodeWithSignature(\"log(string,uint256,string,address)\", p0, p1, p2, p3));\n    }\n\n    function log(string memory p0, uint256 p1, bool p2, uint256 p3) internal pure {\n        _sendLogPayload(abi.encodeWithSignature(\"log(string,uint256,bool,uint256)\", p0, p1, p2, p3));\n    }\n\n    function log(string memory p0, uint256 p1, bool p2, string memory p3) internal pure {\n        _sendLogPayload(abi.encodeWithSignature(\"log(string,uint256,bool,string)\", p0, p1, p2, p3));\n    }\n\n    function log(string memory p0, uint256 p1, bool p2, bool p3) internal pure {\n        _sendLogPayload(abi.encodeWithSignature(\"log(string,uint256,bool,bool)\", p0, p1, p2, p3));\n    }\n\n    function log(string memory p0, uint256 p1, bool p2, address p3) internal pure {\n        _sendLogPayload(abi.encodeWithSignature(\"log(string,uint256,bool,address)\", p0, p1, p2, p3));\n    }\n\n    function log(string memory p0, uint256 p1, address p2, uint256 p3) internal pure {\n        _sendLogPayload(abi.encodeWithSignature(\"log(string,uint256,address,uint256)\", p0, p1, p2, p3));\n    }\n\n    function log(string memory p0, uint256 p1, address p2, string memory p3) internal pure {\n        _sendLogPayload(abi.encodeWithSignature(\"log(string,uint256,address,string)\", p0, p1, p2, p3));\n    }\n\n    function log(string memory p0, uint256 p1, address p2, bool p3) internal pure {\n        _sendLogPayload(abi.encodeWithSignature(\"log(string,uint256,address,bool)\", p0, p1, p2, p3));\n    }\n\n    function log(string memory p0, uint256 p1, address p2, address p3) internal pure {\n        _sendLogPayload(abi.encodeWithSignature(\"log(string,uint256,address,address)\", p0, p1, p2, p3));\n    }\n\n    function log(string memory p0, string memory p1, uint256 p2, uint256 p3) internal pure {\n        _sendLogPayload(abi.encodeWithSignature(\"log(string,string,uint256,uint256)\", p0, p1, p2, p3));\n    }\n\n    function log(string memory p0, string memory p1, uint256 p2, string memory p3) internal pure {\n        _sendLogPayload(abi.encodeWithSignature(\"log(string,string,uint256,string)\", p0, p1, p2, p3));\n    }\n\n    function log(string memory p0, string memory p1, uint256 p2, bool p3) internal pure {\n        _sendLogPayload(abi.encodeWithSignature(\"log(string,string,uint256,bool)\", p0, p1, p2, p3));\n    }\n\n    function log(string memory p0, string memory p1, uint256 p2, address p3) internal pure {\n        _sendLogPayload(abi.encodeWithSignature(\"log(string,string,uint256,address)\", p0, p1, p2, p3));\n    }\n\n    function log(string memory p0, string memory p1, string memory p2, uint256 p3) internal pure {\n        _sendLogPayload(abi.encodeWithSignature(\"log(string,string,string,uint256)\", p0, p1, p2, p3));\n    }\n\n    function log(string memory p0, string memory p1, string memory p2, string memory p3) internal pure {\n        _sendLogPayload(abi.encodeWithSignature(\"log(string,string,string,string)\", p0, p1, p2, p3));\n    }\n\n    function log(string memory p0, string memory p1, string memory p2, bool p3) internal pure {\n        _sendLogPayload(abi.encodeWithSignature(\"log(string,string,string,bool)\", p0, p1, p2, p3));\n    }\n\n    function log(string memory p0, string memory p1, string memory p2, address p3) internal pure {\n        _sendLogPayload(abi.encodeWithSignature(\"log(string,string,string,address)\", p0, p1, p2, p3));\n    }\n\n    function log(string memory p0, string memory p1, bool p2, uint256 p3) internal pure {\n        _sendLogPayload(abi.encodeWithSignature(\"log(string,string,bool,uint256)\", p0, p1, p2, p3));\n    }\n\n    function log(string memory p0, string memory p1, bool p2, string memory p3) internal pure {\n        _sendLogPayload(abi.encodeWithSignature(\"log(string,string,bool,string)\", p0, p1, p2, p3));\n    }\n\n    function log(string memory p0, string memory p1, bool p2, bool p3) internal pure {\n        _sendLogPayload(abi.encodeWithSignature(\"log(string,string,bool,bool)\", p0, p1, p2, p3));\n    }\n\n    function log(string memory p0, string memory p1, bool p2, address p3) internal pure {\n        _sendLogPayload(abi.encodeWithSignature(\"log(string,string,bool,address)\", p0, p1, p2, p3));\n    }\n\n    function log(string memory p0, string memory p1, address p2, uint256 p3) internal pure {\n        _sendLogPayload(abi.encodeWithSignature(\"log(string,string,address,uint256)\", p0, p1, p2, p3));\n    }\n\n    function log(string memory p0, string memory p1, address p2, string memory p3) internal pure {\n        _sendLogPayload(abi.encodeWithSignature(\"log(string,string,address,string)\", p0, p1, p2, p3));\n    }\n\n    function log(string memory p0, string memory p1, address p2, bool p3) internal pure {\n        _sendLogPayload(abi.encodeWithSignature(\"log(string,string,address,bool)\", p0, p1, p2, p3));\n    }\n\n    function log(string memory p0, string memory p1, address p2, address p3) internal pure {\n        _sendLogPayload(abi.encodeWithSignature(\"log(string,string,address,address)\", p0, p1, p2, p3));\n    }\n\n    function log(string memory p0, bool p1, uint256 p2, uint256 p3) internal pure {\n        _sendLogPayload(abi.encodeWithSignature(\"log(string,bool,uint256,uint256)\", p0, p1, p2, p3));\n    }\n\n    function log(string memory p0, bool p1, uint256 p2, string memory p3) internal pure {\n        _sendLogPayload(abi.encodeWithSignature(\"log(string,bool,uint256,string)\", p0, p1, p2, p3));\n    }\n\n    function log(string memory p0, bool p1, uint256 p2, bool p3) internal pure {\n        _sendLogPayload(abi.encodeWithSignature(\"log(string,bool,uint256,bool)\", p0, p1, p2, p3));\n    }\n\n    function log(string memory p0, bool p1, uint256 p2, address p3) internal pure {\n        _sendLogPayload(abi.encodeWithSignature(\"log(string,bool,uint256,address)\", p0, p1, p2, p3));\n    }\n\n    function log(string memory p0, bool p1, string memory p2, uint256 p3) internal pure {\n        _sendLogPayload(abi.encodeWithSignature(\"log(string,bool,string,uint256)\", p0, p1, p2, p3));\n    }\n\n    function log(string memory p0, bool p1, string memory p2, string memory p3) internal pure {\n        _sendLogPayload(abi.encodeWithSignature(\"log(string,bool,string,string)\", p0, p1, p2, p3));\n    }\n\n    function log(string memory p0, bool p1, string memory p2, bool p3) internal pure {\n        _sendLogPayload(abi.encodeWithSignature(\"log(string,bool,string,bool)\", p0, p1, p2, p3));\n    }\n\n    function log(string memory p0, bool p1, string memory p2, address p3) internal pure {\n        _sendLogPayload(abi.encodeWithSignature(\"log(string,bool,string,address)\", p0, p1, p2, p3));\n    }\n\n    function log(string memory p0, bool p1, bool p2, uint256 p3) internal pure {\n        _sendLogPayload(abi.encodeWithSignature(\"log(string,bool,bool,uint256)\", p0, p1, p2, p3));\n    }\n\n    function log(string memory p0, bool p1, bool p2, string memory p3) internal pure {\n        _sendLogPayload(abi.encodeWithSignature(\"log(string,bool,bool,string)\", p0, p1, p2, p3));\n    }\n\n    function log(string memory p0, bool p1, bool p2, bool p3) internal pure {\n        _sendLogPayload(abi.encodeWithSignature(\"log(string,bool,bool,bool)\", p0, p1, p2, p3));\n    }\n\n    function log(string memory p0, bool p1, bool p2, address p3) internal pure {\n        _sendLogPayload(abi.encodeWithSignature(\"log(string,bool,bool,address)\", p0, p1, p2, p3));\n    }\n\n    function log(string memory p0, bool p1, address p2, uint256 p3) internal pure {\n        _sendLogPayload(abi.encodeWithSignature(\"log(string,bool,address,uint256)\", p0, p1, p2, p3));\n    }\n\n    function log(string memory p0, bool p1, address p2, string memory p3) internal pure {\n        _sendLogPayload(abi.encodeWithSignature(\"log(string,bool,address,string)\", p0, p1, p2, p3));\n    }\n\n    function log(string memory p0, bool p1, address p2, bool p3) internal pure {\n        _sendLogPayload(abi.encodeWithSignature(\"log(string,bool,address,bool)\", p0, p1, p2, p3));\n    }\n\n    function log(string memory p0, bool p1, address p2, address p3) internal pure {\n        _sendLogPayload(abi.encodeWithSignature(\"log(string,bool,address,address)\", p0, p1, p2, p3));\n    }\n\n    function log(string memory p0, address p1, uint256 p2, uint256 p3) internal pure {\n        _sendLogPayload(abi.encodeWithSignature(\"log(string,address,uint256,uint256)\", p0, p1, p2, p3));\n    }\n\n    function log(string memory p0, address p1, uint256 p2, string memory p3) internal pure {\n        _sendLogPayload(abi.encodeWithSignature(\"log(string,address,uint256,string)\", p0, p1, p2, p3));\n    }\n\n    function log(string memory p0, address p1, uint256 p2, bool p3) internal pure {\n        _sendLogPayload(abi.encodeWithSignature(\"log(string,address,uint256,bool)\", p0, p1, p2, p3));\n    }\n\n    function log(string memory p0, address p1, uint256 p2, address p3) internal pure {\n        _sendLogPayload(abi.encodeWithSignature(\"log(string,address,uint256,address)\", p0, p1, p2, p3));\n    }\n\n    function log(string memory p0, address p1, string memory p2, uint256 p3) internal pure {\n        _sendLogPayload(abi.encodeWithSignature(\"log(string,address,string,uint256)\", p0, p1, p2, p3));\n    }\n\n    function log(string memory p0, address p1, string memory p2, string memory p3) internal pure {\n        _sendLogPayload(abi.encodeWithSignature(\"log(string,address,string,string)\", p0, p1, p2, p3));\n    }\n\n    function log(string memory p0, address p1, string memory p2, bool p3) internal pure {\n        _sendLogPayload(abi.encodeWithSignature(\"log(string,address,string,bool)\", p0, p1, p2, p3));\n    }\n\n    function log(string memory p0, address p1, string memory p2, address p3) internal pure {\n        _sendLogPayload(abi.encodeWithSignature(\"log(string,address,string,address)\", p0, p1, p2, p3));\n    }\n\n    function log(string memory p0, address p1, bool p2, uint256 p3) internal pure {\n        _sendLogPayload(abi.encodeWithSignature(\"log(string,address,bool,uint256)\", p0, p1, p2, p3));\n    }\n\n    function log(string memory p0, address p1, bool p2, string memory p3) internal pure {\n        _sendLogPayload(abi.encodeWithSignature(\"log(string,address,bool,string)\", p0, p1, p2, p3));\n    }\n\n    function log(string memory p0, address p1, bool p2, bool p3) internal pure {\n        _sendLogPayload(abi.encodeWithSignature(\"log(string,address,bool,bool)\", p0, p1, p2, p3));\n    }\n\n    function log(string memory p0, address p1, bool p2, address p3) internal pure {\n        _sendLogPayload(abi.encodeWithSignature(\"log(string,address,bool,address)\", p0, p1, p2, p3));\n    }\n\n    function log(string memory p0, address p1, address p2, uint256 p3) internal pure {\n        _sendLogPayload(abi.encodeWithSignature(\"log(string,address,address,uint256)\", p0, p1, p2, p3));\n    }\n\n    function log(string memory p0, address p1, address p2, string memory p3) internal pure {\n        _sendLogPayload(abi.encodeWithSignature(\"log(string,address,address,string)\", p0, p1, p2, p3));\n    }\n\n    function log(string memory p0, address p1, address p2, bool p3) internal pure {\n        _sendLogPayload(abi.encodeWithSignature(\"log(string,address,address,bool)\", p0, p1, p2, p3));\n    }\n\n    function log(string memory p0, address p1, address p2, address p3) internal pure {\n        _sendLogPayload(abi.encodeWithSignature(\"log(string,address,address,address)\", p0, p1, p2, p3));\n    }\n\n    function log(bool p0, uint256 p1, uint256 p2, uint256 p3) internal pure {\n        _sendLogPayload(abi.encodeWithSignature(\"log(bool,uint256,uint256,uint256)\", p0, p1, p2, p3));\n    }\n\n    function log(bool p0, uint256 p1, uint256 p2, string memory p3) internal pure {\n        _sendLogPayload(abi.encodeWithSignature(\"log(bool,uint256,uint256,string)\", p0, p1, p2, p3));\n    }\n\n    function log(bool p0, uint256 p1, uint256 p2, bool p3) internal pure {\n        _sendLogPayload(abi.encodeWithSignature(\"log(bool,uint256,uint256,bool)\", p0, p1, p2, p3));\n    }\n\n    function log(bool p0, uint256 p1, uint256 p2, address p3) internal pure {\n        _sendLogPayload(abi.encodeWithSignature(\"log(bool,uint256,uint256,address)\", p0, p1, p2, p3));\n    }\n\n    function log(bool p0, uint256 p1, string memory p2, uint256 p3) internal pure {\n        _sendLogPayload(abi.encodeWithSignature(\"log(bool,uint256,string,uint256)\", p0, p1, p2, p3));\n    }\n\n    function log(bool p0, uint256 p1, string memory p2, string memory p3) internal pure {\n        _sendLogPayload(abi.encodeWithSignature(\"log(bool,uint256,string,string)\", p0, p1, p2, p3));\n    }\n\n    function log(bool p0, uint256 p1, string memory p2, bool p3) internal pure {\n        _sendLogPayload(abi.encodeWithSignature(\"log(bool,uint256,string,bool)\", p0, p1, p2, p3));\n    }\n\n    function log(bool p0, uint256 p1, string memory p2, address p3) internal pure {\n        _sendLogPayload(abi.encodeWithSignature(\"log(bool,uint256,string,address)\", p0, p1, p2, p3));\n    }\n\n    function log(bool p0, uint256 p1, bool p2, uint256 p3) internal pure {\n        _sendLogPayload(abi.encodeWithSignature(\"log(bool,uint256,bool,uint256)\", p0, p1, p2, p3));\n    }\n\n    function log(bool p0, uint256 p1, bool p2, string memory p3) internal pure {\n        _sendLogPayload(abi.encodeWithSignature(\"log(bool,uint256,bool,string)\", p0, p1, p2, p3));\n    }\n\n    function log(bool p0, uint256 p1, bool p2, bool p3) internal pure {\n        _sendLogPayload(abi.encodeWithSignature(\"log(bool,uint256,bool,bool)\", p0, p1, p2, p3));\n    }\n\n    function log(bool p0, uint256 p1, bool p2, address p3) internal pure {\n        _sendLogPayload(abi.encodeWithSignature(\"log(bool,uint256,bool,address)\", p0, p1, p2, p3));\n    }\n\n    function log(bool p0, uint256 p1, address p2, uint256 p3) internal pure {\n        _sendLogPayload(abi.encodeWithSignature(\"log(bool,uint256,address,uint256)\", p0, p1, p2, p3));\n    }\n\n    function log(bool p0, uint256 p1, address p2, string memory p3) internal pure {\n        _sendLogPayload(abi.encodeWithSignature(\"log(bool,uint256,address,string)\", p0, p1, p2, p3));\n    }\n\n    function log(bool p0, uint256 p1, address p2, bool p3) internal pure {\n        _sendLogPayload(abi.encodeWithSignature(\"log(bool,uint256,address,bool)\", p0, p1, p2, p3));\n    }\n\n    function log(bool p0, uint256 p1, address p2, address p3) internal pure {\n        _sendLogPayload(abi.encodeWithSignature(\"log(bool,uint256,address,address)\", p0, p1, p2, p3));\n    }\n\n    function log(bool p0, string memory p1, uint256 p2, uint256 p3) internal pure {\n        _sendLogPayload(abi.encodeWithSignature(\"log(bool,string,uint256,uint256)\", p0, p1, p2, p3));\n    }\n\n    function log(bool p0, string memory p1, uint256 p2, string memory p3) internal pure {\n        _sendLogPayload(abi.encodeWithSignature(\"log(bool,string,uint256,string)\", p0, p1, p2, p3));\n    }\n\n    function log(bool p0, string memory p1, uint256 p2, bool p3) internal pure {\n        _sendLogPayload(abi.encodeWithSignature(\"log(bool,string,uint256,bool)\", p0, p1, p2, p3));\n    }\n\n    function log(bool p0, string memory p1, uint256 p2, address p3) internal pure {\n        _sendLogPayload(abi.encodeWithSignature(\"log(bool,string,uint256,address)\", p0, p1, p2, p3));\n    }\n\n    function log(bool p0, string memory p1, string memory p2, uint256 p3) internal pure {\n        _sendLogPayload(abi.encodeWithSignature(\"log(bool,string,string,uint256)\", p0, p1, p2, p3));\n    }\n\n    function log(bool p0, string memory p1, string memory p2, string memory p3) internal pure {\n        _sendLogPayload(abi.encodeWithSignature(\"log(bool,string,string,string)\", p0, p1, p2, p3));\n    }\n\n    function log(bool p0, string memory p1, string memory p2, bool p3) internal pure {\n        _sendLogPayload(abi.encodeWithSignature(\"log(bool,string,string,bool)\", p0, p1, p2, p3));\n    }\n\n    function log(bool p0, string memory p1, string memory p2, address p3) internal pure {\n        _sendLogPayload(abi.encodeWithSignature(\"log(bool,string,string,address)\", p0, p1, p2, p3));\n    }\n\n    function log(bool p0, string memory p1, bool p2, uint256 p3) internal pure {\n        _sendLogPayload(abi.encodeWithSignature(\"log(bool,string,bool,uint256)\", p0, p1, p2, p3));\n    }\n\n    function log(bool p0, string memory p1, bool p2, string memory p3) internal pure {\n        _sendLogPayload(abi.encodeWithSignature(\"log(bool,string,bool,string)\", p0, p1, p2, p3));\n    }\n\n    function log(bool p0, string memory p1, bool p2, bool p3) internal pure {\n        _sendLogPayload(abi.encodeWithSignature(\"log(bool,string,bool,bool)\", p0, p1, p2, p3));\n    }\n\n    function log(bool p0, string memory p1, bool p2, address p3) internal pure {\n        _sendLogPayload(abi.encodeWithSignature(\"log(bool,string,bool,address)\", p0, p1, p2, p3));\n    }\n\n    function log(bool p0, string memory p1, address p2, uint256 p3) internal pure {\n        _sendLogPayload(abi.encodeWithSignature(\"log(bool,string,address,uint256)\", p0, p1, p2, p3));\n    }\n\n    function log(bool p0, string memory p1, address p2, string memory p3) internal pure {\n        _sendLogPayload(abi.encodeWithSignature(\"log(bool,string,address,string)\", p0, p1, p2, p3));\n    }\n\n    function log(bool p0, string memory p1, address p2, bool p3) internal pure {\n        _sendLogPayload(abi.encodeWithSignature(\"log(bool,string,address,bool)\", p0, p1, p2, p3));\n    }\n\n    function log(bool p0, string memory p1, address p2, address p3) internal pure {\n        _sendLogPayload(abi.encodeWithSignature(\"log(bool,string,address,address)\", p0, p1, p2, p3));\n    }\n\n    function log(bool p0, bool p1, uint256 p2, uint256 p3) internal pure {\n        _sendLogPayload(abi.encodeWithSignature(\"log(bool,bool,uint256,uint256)\", p0, p1, p2, p3));\n    }\n\n    function log(bool p0, bool p1, uint256 p2, string memory p3) internal pure {\n        _sendLogPayload(abi.encodeWithSignature(\"log(bool,bool,uint256,string)\", p0, p1, p2, p3));\n    }\n\n    function log(bool p0, bool p1, uint256 p2, bool p3) internal pure {\n        _sendLogPayload(abi.encodeWithSignature(\"log(bool,bool,uint256,bool)\", p0, p1, p2, p3));\n    }\n\n    function log(bool p0, bool p1, uint256 p2, address p3) internal pure {\n        _sendLogPayload(abi.encodeWithSignature(\"log(bool,bool,uint256,address)\", p0, p1, p2, p3));\n    }\n\n    function log(bool p0, bool p1, string memory p2, uint256 p3) internal pure {\n        _sendLogPayload(abi.encodeWithSignature(\"log(bool,bool,string,uint256)\", p0, p1, p2, p3));\n    }\n\n    function log(bool p0, bool p1, string memory p2, string memory p3) internal pure {\n        _sendLogPayload(abi.encodeWithSignature(\"log(bool,bool,string,string)\", p0, p1, p2, p3));\n    }\n\n    function log(bool p0, bool p1, string memory p2, bool p3) internal pure {\n        _sendLogPayload(abi.encodeWithSignature(\"log(bool,bool,string,bool)\", p0, p1, p2, p3));\n    }\n\n    function log(bool p0, bool p1, string memory p2, address p3) internal pure {\n        _sendLogPayload(abi.encodeWithSignature(\"log(bool,bool,string,address)\", p0, p1, p2, p3));\n    }\n\n    function log(bool p0, bool p1, bool p2, uint256 p3) internal pure {\n        _sendLogPayload(abi.encodeWithSignature(\"log(bool,bool,bool,uint256)\", p0, p1, p2, p3));\n    }\n\n    function log(bool p0, bool p1, bool p2, string memory p3) internal pure {\n        _sendLogPayload(abi.encodeWithSignature(\"log(bool,bool,bool,string)\", p0, p1, p2, p3));\n    }\n\n    function log(bool p0, bool p1, bool p2, bool p3) internal pure {\n        _sendLogPayload(abi.encodeWithSignature(\"log(bool,bool,bool,bool)\", p0, p1, p2, p3));\n    }\n\n    function log(bool p0, bool p1, bool p2, address p3) internal pure {\n        _sendLogPayload(abi.encodeWithSignature(\"log(bool,bool,bool,address)\", p0, p1, p2, p3));\n    }\n\n    function log(bool p0, bool p1, address p2, uint256 p3) internal pure {\n        _sendLogPayload(abi.encodeWithSignature(\"log(bool,bool,address,uint256)\", p0, p1, p2, p3));\n    }\n\n    function log(bool p0, bool p1, address p2, string memory p3) internal pure {\n        _sendLogPayload(abi.encodeWithSignature(\"log(bool,bool,address,string)\", p0, p1, p2, p3));\n    }\n\n    function log(bool p0, bool p1, address p2, bool p3) internal pure {\n        _sendLogPayload(abi.encodeWithSignature(\"log(bool,bool,address,bool)\", p0, p1, p2, p3));\n    }\n\n    function log(bool p0, bool p1, address p2, address p3) internal pure {\n        _sendLogPayload(abi.encodeWithSignature(\"log(bool,bool,address,address)\", p0, p1, p2, p3));\n    }\n\n    function log(bool p0, address p1, uint256 p2, uint256 p3) internal pure {\n        _sendLogPayload(abi.encodeWithSignature(\"log(bool,address,uint256,uint256)\", p0, p1, p2, p3));\n    }\n\n    function log(bool p0, address p1, uint256 p2, string memory p3) internal pure {\n        _sendLogPayload(abi.encodeWithSignature(\"log(bool,address,uint256,string)\", p0, p1, p2, p3));\n    }\n\n    function log(bool p0, address p1, uint256 p2, bool p3) internal pure {\n        _sendLogPayload(abi.encodeWithSignature(\"log(bool,address,uint256,bool)\", p0, p1, p2, p3));\n    }\n\n    function log(bool p0, address p1, uint256 p2, address p3) internal pure {\n        _sendLogPayload(abi.encodeWithSignature(\"log(bool,address,uint256,address)\", p0, p1, p2, p3));\n    }\n\n    function log(bool p0, address p1, string memory p2, uint256 p3) internal pure {\n        _sendLogPayload(abi.encodeWithSignature(\"log(bool,address,string,uint256)\", p0, p1, p2, p3));\n    }\n\n    function log(bool p0, address p1, string memory p2, string memory p3) internal pure {\n        _sendLogPayload(abi.encodeWithSignature(\"log(bool,address,string,string)\", p0, p1, p2, p3));\n    }\n\n    function log(bool p0, address p1, string memory p2, bool p3) internal pure {\n        _sendLogPayload(abi.encodeWithSignature(\"log(bool,address,string,bool)\", p0, p1, p2, p3));\n    }\n\n    function log(bool p0, address p1, string memory p2, address p3) internal pure {\n        _sendLogPayload(abi.encodeWithSignature(\"log(bool,address,string,address)\", p0, p1, p2, p3));\n    }\n\n    function log(bool p0, address p1, bool p2, uint256 p3) internal pure {\n        _sendLogPayload(abi.encodeWithSignature(\"log(bool,address,bool,uint256)\", p0, p1, p2, p3));\n    }\n\n    function log(bool p0, address p1, bool p2, string memory p3) internal pure {\n        _sendLogPayload(abi.encodeWithSignature(\"log(bool,address,bool,string)\", p0, p1, p2, p3));\n    }\n\n    function log(bool p0, address p1, bool p2, bool p3) internal pure {\n        _sendLogPayload(abi.encodeWithSignature(\"log(bool,address,bool,bool)\", p0, p1, p2, p3));\n    }\n\n    function log(bool p0, address p1, bool p2, address p3) internal pure {\n        _sendLogPayload(abi.encodeWithSignature(\"log(bool,address,bool,address)\", p0, p1, p2, p3));\n    }\n\n    function log(bool p0, address p1, address p2, uint256 p3) internal pure {\n        _sendLogPayload(abi.encodeWithSignature(\"log(bool,address,address,uint256)\", p0, p1, p2, p3));\n    }\n\n    function log(bool p0, address p1, address p2, string memory p3) internal pure {\n        _sendLogPayload(abi.encodeWithSignature(\"log(bool,address,address,string)\", p0, p1, p2, p3));\n    }\n\n    function log(bool p0, address p1, address p2, bool p3) internal pure {\n        _sendLogPayload(abi.encodeWithSignature(\"log(bool,address,address,bool)\", p0, p1, p2, p3));\n    }\n\n    function log(bool p0, address p1, address p2, address p3) internal pure {\n        _sendLogPayload(abi.encodeWithSignature(\"log(bool,address,address,address)\", p0, p1, p2, p3));\n    }\n\n    function log(address p0, uint256 p1, uint256 p2, uint256 p3) internal pure {\n        _sendLogPayload(abi.encodeWithSignature(\"log(address,uint256,uint256,uint256)\", p0, p1, p2, p3));\n    }\n\n    function log(address p0, uint256 p1, uint256 p2, string memory p3) internal pure {\n        _sendLogPayload(abi.encodeWithSignature(\"log(address,uint256,uint256,string)\", p0, p1, p2, p3));\n    }\n\n    function log(address p0, uint256 p1, uint256 p2, bool p3) internal pure {\n        _sendLogPayload(abi.encodeWithSignature(\"log(address,uint256,uint256,bool)\", p0, p1, p2, p3));\n    }\n\n    function log(address p0, uint256 p1, uint256 p2, address p3) internal pure {\n        _sendLogPayload(abi.encodeWithSignature(\"log(address,uint256,uint256,address)\", p0, p1, p2, p3));\n    }\n\n    function log(address p0, uint256 p1, string memory p2, uint256 p3) internal pure {\n        _sendLogPayload(abi.encodeWithSignature(\"log(address,uint256,string,uint256)\", p0, p1, p2, p3));\n    }\n\n    function log(address p0, uint256 p1, string memory p2, string memory p3) internal pure {\n        _sendLogPayload(abi.encodeWithSignature(\"log(address,uint256,string,string)\", p0, p1, p2, p3));\n    }\n\n    function log(address p0, uint256 p1, string memory p2, bool p3) internal pure {\n        _sendLogPayload(abi.encodeWithSignature(\"log(address,uint256,string,bool)\", p0, p1, p2, p3));\n    }\n\n    function log(address p0, uint256 p1, string memory p2, address p3) internal pure {\n        _sendLogPayload(abi.encodeWithSignature(\"log(address,uint256,string,address)\", p0, p1, p2, p3));\n    }\n\n    function log(address p0, uint256 p1, bool p2, uint256 p3) internal pure {\n        _sendLogPayload(abi.encodeWithSignature(\"log(address,uint256,bool,uint256)\", p0, p1, p2, p3));\n    }\n\n    function log(address p0, uint256 p1, bool p2, string memory p3) internal pure {\n        _sendLogPayload(abi.encodeWithSignature(\"log(address,uint256,bool,string)\", p0, p1, p2, p3));\n    }\n\n    function log(address p0, uint256 p1, bool p2, bool p3) internal pure {\n        _sendLogPayload(abi.encodeWithSignature(\"log(address,uint256,bool,bool)\", p0, p1, p2, p3));\n    }\n\n    function log(address p0, uint256 p1, bool p2, address p3) internal pure {\n        _sendLogPayload(abi.encodeWithSignature(\"log(address,uint256,bool,address)\", p0, p1, p2, p3));\n    }\n\n    function log(address p0, uint256 p1, address p2, uint256 p3) internal pure {\n        _sendLogPayload(abi.encodeWithSignature(\"log(address,uint256,address,uint256)\", p0, p1, p2, p3));\n    }\n\n    function log(address p0, uint256 p1, address p2, string memory p3) internal pure {\n        _sendLogPayload(abi.encodeWithSignature(\"log(address,uint256,address,string)\", p0, p1, p2, p3));\n    }\n\n    function log(address p0, uint256 p1, address p2, bool p3) internal pure {\n        _sendLogPayload(abi.encodeWithSignature(\"log(address,uint256,address,bool)\", p0, p1, p2, p3));\n    }\n\n    function log(address p0, uint256 p1, address p2, address p3) internal pure {\n        _sendLogPayload(abi.encodeWithSignature(\"log(address,uint256,address,address)\", p0, p1, p2, p3));\n    }\n\n    function log(address p0, string memory p1, uint256 p2, uint256 p3) internal pure {\n        _sendLogPayload(abi.encodeWithSignature(\"log(address,string,uint256,uint256)\", p0, p1, p2, p3));\n    }\n\n    function log(address p0, string memory p1, uint256 p2, string memory p3) internal pure {\n        _sendLogPayload(abi.encodeWithSignature(\"log(address,string,uint256,string)\", p0, p1, p2, p3));\n    }\n\n    function log(address p0, string memory p1, uint256 p2, bool p3) internal pure {\n        _sendLogPayload(abi.encodeWithSignature(\"log(address,string,uint256,bool)\", p0, p1, p2, p3));\n    }\n\n    function log(address p0, string memory p1, uint256 p2, address p3) internal pure {\n        _sendLogPayload(abi.encodeWithSignature(\"log(address,string,uint256,address)\", p0, p1, p2, p3));\n    }\n\n    function log(address p0, string memory p1, string memory p2, uint256 p3) internal pure {\n        _sendLogPayload(abi.encodeWithSignature(\"log(address,string,string,uint256)\", p0, p1, p2, p3));\n    }\n\n    function log(address p0, string memory p1, string memory p2, string memory p3) internal pure {\n        _sendLogPayload(abi.encodeWithSignature(\"log(address,string,string,string)\", p0, p1, p2, p3));\n    }\n\n    function log(address p0, string memory p1, string memory p2, bool p3) internal pure {\n        _sendLogPayload(abi.encodeWithSignature(\"log(address,string,string,bool)\", p0, p1, p2, p3));\n    }\n\n    function log(address p0, string memory p1, string memory p2, address p3) internal pure {\n        _sendLogPayload(abi.encodeWithSignature(\"log(address,string,string,address)\", p0, p1, p2, p3));\n    }\n\n    function log(address p0, string memory p1, bool p2, uint256 p3) internal pure {\n        _sendLogPayload(abi.encodeWithSignature(\"log(address,string,bool,uint256)\", p0, p1, p2, p3));\n    }\n\n    function log(address p0, string memory p1, bool p2, string memory p3) internal pure {\n        _sendLogPayload(abi.encodeWithSignature(\"log(address,string,bool,string)\", p0, p1, p2, p3));\n    }\n\n    function log(address p0, string memory p1, bool p2, bool p3) internal pure {\n        _sendLogPayload(abi.encodeWithSignature(\"log(address,string,bool,bool)\", p0, p1, p2, p3));\n    }\n\n    function log(address p0, string memory p1, bool p2, address p3) internal pure {\n        _sendLogPayload(abi.encodeWithSignature(\"log(address,string,bool,address)\", p0, p1, p2, p3));\n    }\n\n    function log(address p0, string memory p1, address p2, uint256 p3) internal pure {\n        _sendLogPayload(abi.encodeWithSignature(\"log(address,string,address,uint256)\", p0, p1, p2, p3));\n    }\n\n    function log(address p0, string memory p1, address p2, string memory p3) internal pure {\n        _sendLogPayload(abi.encodeWithSignature(\"log(address,string,address,string)\", p0, p1, p2, p3));\n    }\n\n    function log(address p0, string memory p1, address p2, bool p3) internal pure {\n        _sendLogPayload(abi.encodeWithSignature(\"log(address,string,address,bool)\", p0, p1, p2, p3));\n    }\n\n    function log(address p0, string memory p1, address p2, address p3) internal pure {\n        _sendLogPayload(abi.encodeWithSignature(\"log(address,string,address,address)\", p0, p1, p2, p3));\n    }\n\n    function log(address p0, bool p1, uint256 p2, uint256 p3) internal pure {\n        _sendLogPayload(abi.encodeWithSignature(\"log(address,bool,uint256,uint256)\", p0, p1, p2, p3));\n    }\n\n    function log(address p0, bool p1, uint256 p2, string memory p3) internal pure {\n        _sendLogPayload(abi.encodeWithSignature(\"log(address,bool,uint256,string)\", p0, p1, p2, p3));\n    }\n\n    function log(address p0, bool p1, uint256 p2, bool p3) internal pure {\n        _sendLogPayload(abi.encodeWithSignature(\"log(address,bool,uint256,bool)\", p0, p1, p2, p3));\n    }\n\n    function log(address p0, bool p1, uint256 p2, address p3) internal pure {\n        _sendLogPayload(abi.encodeWithSignature(\"log(address,bool,uint256,address)\", p0, p1, p2, p3));\n    }\n\n    function log(address p0, bool p1, string memory p2, uint256 p3) internal pure {\n        _sendLogPayload(abi.encodeWithSignature(\"log(address,bool,string,uint256)\", p0, p1, p2, p3));\n    }\n\n    function log(address p0, bool p1, string memory p2, string memory p3) internal pure {\n        _sendLogPayload(abi.encodeWithSignature(\"log(address,bool,string,string)\", p0, p1, p2, p3));\n    }\n\n    function log(address p0, bool p1, string memory p2, bool p3) internal pure {\n        _sendLogPayload(abi.encodeWithSignature(\"log(address,bool,string,bool)\", p0, p1, p2, p3));\n    }\n\n    function log(address p0, bool p1, string memory p2, address p3) internal pure {\n        _sendLogPayload(abi.encodeWithSignature(\"log(address,bool,string,address)\", p0, p1, p2, p3));\n    }\n\n    function log(address p0, bool p1, bool p2, uint256 p3) internal pure {\n        _sendLogPayload(abi.encodeWithSignature(\"log(address,bool,bool,uint256)\", p0, p1, p2, p3));\n    }\n\n    function log(address p0, bool p1, bool p2, string memory p3) internal pure {\n        _sendLogPayload(abi.encodeWithSignature(\"log(address,bool,bool,string)\", p0, p1, p2, p3));\n    }\n\n    function log(address p0, bool p1, bool p2, bool p3) internal pure {\n        _sendLogPayload(abi.encodeWithSignature(\"log(address,bool,bool,bool)\", p0, p1, p2, p3));\n    }\n\n    function log(address p0, bool p1, bool p2, address p3) internal pure {\n        _sendLogPayload(abi.encodeWithSignature(\"log(address,bool,bool,address)\", p0, p1, p2, p3));\n    }\n\n    function log(address p0, bool p1, address p2, uint256 p3) internal pure {\n        _sendLogPayload(abi.encodeWithSignature(\"log(address,bool,address,uint256)\", p0, p1, p2, p3));\n    }\n\n    function log(address p0, bool p1, address p2, string memory p3) internal pure {\n        _sendLogPayload(abi.encodeWithSignature(\"log(address,bool,address,string)\", p0, p1, p2, p3));\n    }\n\n    function log(address p0, bool p1, address p2, bool p3) internal pure {\n        _sendLogPayload(abi.encodeWithSignature(\"log(address,bool,address,bool)\", p0, p1, p2, p3));\n    }\n\n    function log(address p0, bool p1, address p2, address p3) internal pure {\n        _sendLogPayload(abi.encodeWithSignature(\"log(address,bool,address,address)\", p0, p1, p2, p3));\n    }\n\n    function log(address p0, address p1, uint256 p2, uint256 p3) internal pure {\n        _sendLogPayload(abi.encodeWithSignature(\"log(address,address,uint256,uint256)\", p0, p1, p2, p3));\n    }\n\n    function log(address p0, address p1, uint256 p2, string memory p3) internal pure {\n        _sendLogPayload(abi.encodeWithSignature(\"log(address,address,uint256,string)\", p0, p1, p2, p3));\n    }\n\n    function log(address p0, address p1, uint256 p2, bool p3) internal pure {\n        _sendLogPayload(abi.encodeWithSignature(\"log(address,address,uint256,bool)\", p0, p1, p2, p3));\n    }\n\n    function log(address p0, address p1, uint256 p2, address p3) internal pure {\n        _sendLogPayload(abi.encodeWithSignature(\"log(address,address,uint256,address)\", p0, p1, p2, p3));\n    }\n\n    function log(address p0, address p1, string memory p2, uint256 p3) internal pure {\n        _sendLogPayload(abi.encodeWithSignature(\"log(address,address,string,uint256)\", p0, p1, p2, p3));\n    }\n\n    function log(address p0, address p1, string memory p2, string memory p3) internal pure {\n        _sendLogPayload(abi.encodeWithSignature(\"log(address,address,string,string)\", p0, p1, p2, p3));\n    }\n\n    function log(address p0, address p1, string memory p2, bool p3) internal pure {\n        _sendLogPayload(abi.encodeWithSignature(\"log(address,address,string,bool)\", p0, p1, p2, p3));\n    }\n\n    function log(address p0, address p1, string memory p2, address p3) internal pure {\n        _sendLogPayload(abi.encodeWithSignature(\"log(address,address,string,address)\", p0, p1, p2, p3));\n    }\n\n    function log(address p0, address p1, bool p2, uint256 p3) internal pure {\n        _sendLogPayload(abi.encodeWithSignature(\"log(address,address,bool,uint256)\", p0, p1, p2, p3));\n    }\n\n    function log(address p0, address p1, bool p2, string memory p3) internal pure {\n        _sendLogPayload(abi.encodeWithSignature(\"log(address,address,bool,string)\", p0, p1, p2, p3));\n    }\n\n    function log(address p0, address p1, bool p2, bool p3) internal pure {\n        _sendLogPayload(abi.encodeWithSignature(\"log(address,address,bool,bool)\", p0, p1, p2, p3));\n    }\n\n    function log(address p0, address p1, bool p2, address p3) internal pure {\n        _sendLogPayload(abi.encodeWithSignature(\"log(address,address,bool,address)\", p0, p1, p2, p3));\n    }\n\n    function log(address p0, address p1, address p2, uint256 p3) internal pure {\n        _sendLogPayload(abi.encodeWithSignature(\"log(address,address,address,uint256)\", p0, p1, p2, p3));\n    }\n\n    function log(address p0, address p1, address p2, string memory p3) internal pure {\n        _sendLogPayload(abi.encodeWithSignature(\"log(address,address,address,string)\", p0, p1, p2, p3));\n    }\n\n    function log(address p0, address p1, address p2, bool p3) internal pure {\n        _sendLogPayload(abi.encodeWithSignature(\"log(address,address,address,bool)\", p0, p1, p2, p3));\n    }\n\n    function log(address p0, address p1, address p2, address p3) internal pure {\n        _sendLogPayload(abi.encodeWithSignature(\"log(address,address,address,address)\", p0, p1, p2, p3));\n    }\n}\n"
    }
  },
  "settings": {
    "optimizer": {
      "enabled": true,
      "runs": 200
    },
    "evmVersion": "paris",
    "outputSelection": {
      "*": {
        "*": [
          "abi",
          "evm.bytecode",
          "evm.deployedBytecode",
          "evm.methodIdentifiers",
          "metadata",
          "devdoc",
          "userdoc",
          "storageLayout",
          "evm.gasEstimates"
        ],
        "": [
          "ast"
        ]
      }
    },
    "metadata": {
      "useLiteralContent": true
    }
  }
}